{"_runtime":8.741015653,"semantic_loss_ctxt_reg":0,"repa_loss_ctxt":1.0171599388122559,"depth_smooth_loss":0.040401358157396317,"depth_smooth_loss_ctxt":0.02891254797577858,"depth_intermediate_loss":0.15856485068798065,"loss":24.72045135498047,"step":1,"alignment_loss":0.2515884041786194,"repa_loss":1.015805721282959,"semantic_loss_ctxt":0,"semantic_intermediate_loss":0,"depth_loss":0.02667022868990898,"_wandb":{"runtime":8},"depth_mask_intermediate_loss":0,"depth_smooth_intermediate_loss":0.0028587657958269123,"rgb_loss_ctxt":0.40068721771240234,"lr":2e-09,"semantic_loss_reg":0,"semantic_intermediate_reg_loss":0,"_step":1,"lpips_loss_ctxt":0.7983493208885193,"lpips_loss":0.7355802059173584,"elapsed_time_sec":6.105971813201904,"depth_loss_ctxt":0.08076799660921097,"rgb_loss":0.48467347025871277,"depth_mask_loss":0,"rgb_intermediate_loss":2.4302971363067627,"depth_mask_loss_ctxt":0,"_timestamp":1.7703083451032465e+09,"semantic_loss":0,"num_context":1}