{"depth_mask_intermediate_loss":0,"repa_loss":0.9866820573806763,"semantic_loss_ctxt_reg":0,"depth_smooth_loss_ctxt":0.04143739119172096,"lpips_loss":0.6917195916175842,"depth_loss":0.020301681011915207,"depth_smooth_loss":0.040618933737277985,"elapsed_time_sec":8.205790042877197,"depth_mask_loss_ctxt":0,"lr":4e-09,"rgb_loss":0.8919582962989807,"repa_loss_ctxt":0.9869856834411621,"step":2,"loss":22.85344696044922,"rgb_loss_ctxt":0.4775078296661377,"semantic_intermediate_reg_loss":0,"_timestamp":1.7703110633879626e+09,"_wandb":{"runtime":10},"rgb_intermediate_loss":2.056973934173584,"lpips_loss_ctxt":0.7149494290351868,"depth_loss_ctxt":0.08543913066387177,"depth_smooth_intermediate_loss":0.005956483259797096,"semantic_intermediate_loss":0,"_step":2,"num_context":1,"depth_mask_loss":0,"depth_intermediate_loss":0.06052583083510399,"alignment_loss":0.22964294254779816,"_runtime":10.798714028,"semantic_loss_reg":0,"semantic_loss_ctxt":0,"semantic_loss":0}