{"rgb_intermediate_loss":1.7956043481826782,"semantic_loss_reg":0,"video/milestone_1_rendered_rgb":{"size":49740,"path":"media/videos/video/milestone_1_rendered_rgb_2_414a75b656778172b6cb.mp4","_type":"video-file","sha256":"414a75b656778172b6cbd9cd307449ac05ea7c407af4fb1c02a02bef61dab0ac"},"video/milestone_1_rendered_depth":{"sha256":"52d56a870e24948aab1f36fe26e6d1e84d0e42f2ea1640352ea48cd10eda6474","size":27173,"path":"media/videos/video/milestone_1_rendered_depth_2_52d56a870e24948aab1f.mp4","_type":"video-file"},"_runtime":30.387739032,"semantic_loss":0,"depth_loss_ctxt":2.4288535118103027,"depth_mask_intermediate_loss":0,"depth_smooth_loss":0.03098471462726593,"depth_loss":0.14054034650325775,"depth_smooth_intermediate_loss":0.019538415968418123,"semantic_loss_ctxt_reg":0,"lpips_loss":0.7042074203491211,"depth_smooth_loss_ctxt":0.050151314586400986,"loss":24.020179748535156,"num_context":1,"lr":6e-09,"repa_loss":1.0264637470245361,"semantic_intermediate_reg_loss":0,"depth_mask_loss":0,"depth_mask_loss_ctxt":0,"_timestamp":1.7703111525346582e+09,"step":3,"repa_loss_ctxt":1.0127930641174316,"_wandb":{"runtime":30},"elapsed_time_sec":27.74290442466736,"semantic_intermediate_loss":0,"rgb_loss_ctxt":0.8166882395744324,"rgb_loss":1.0048362016677856,"alignment_loss":0.2560428977012634,"depth_intermediate_loss":2.865757465362549,"_step":3,"semantic_loss_ctxt":0,"lpips_loss_ctxt":0.6947641372680664}