{"depth_intermediate_loss":0.41647836565971375,"lpips_loss_ctxt":0.7181657552719116,"_step":28,"elapsed_time_sec":95.80612230300903,"repa_loss":0.986102819442749,"semantic_intermediate_reg_loss":0,"lr":5.6000000000000005e-08,"depth_smooth_loss_ctxt":0.03769286721944809,"_runtime":101.334551874,"depth_mask_loss_ctxt":0,"depth_smooth_intermediate_loss":0.004926277324557304,"alignment_loss":0.2542855739593506,"rgb_intermediate_loss":2.3512370586395264,"semantic_loss_reg":0,"num_context":1,"lpips_loss":0.7308809757232666,"loss":24.441762924194336,"semantic_loss_ctxt_reg":0,"semantic_intermediate_loss":0,"rgb_loss":0.8824631571769714,"depth_loss":0.0232069194316864,"depth_mask_loss":0,"step":28,"depth_mask_intermediate_loss":0,"repa_loss_ctxt":0.995475172996521,"rgb_loss_ctxt":0.29417911171913147,"depth_loss_ctxt":0.0123439971357584,"semantic_loss":0,"depth_smooth_loss":0.0270424485206604,"_wandb":{"runtime":101},"semantic_loss_ctxt":0,"_timestamp":1.7703103361326482e+09}